Publisher_ID,Publisher_Name
1,Zoom Video Communications
2,Google
3,Mojang
4,Voodoo
5,Niantic
6,Ninja Kiwi
7,Match Group
8,Ndemic Creations
9,TikTok Pte Ltd
10,Disney
11,Marmalade
12,Spotify
13,Supercell
14,Savage Interactive
15,Instagram
16,miHoYo
17,Warner Bros
18,InnerSloth
19,Roblox
20,RobTop
21,Facebook
22,Pandora
23,HotSchedules
24,Hulu
25,Rockstar Games
26,King
27,Lightricks
28,Snap
29,Bumble
30,ADVA Soft
31,Amazon
32,Netflix
33,True Axis
34,Square Inc
35,Playrix
36,Jacquielawson
37,Shopify
38,Warner Media
39,2K Games
40,SayGames
41,Domus Technica
42,Twitch Interactive
43,505 Games
44,WhatsApp
45,Moon Active
46,Seekrtech
47,BANDAI NAMCO Entertainment
48,Dual Decade
49,PayPal
50,BIGO
51,Walmart
52,Tantsissa
53,Peak
54,Clickteam
55,Activision Publishing
56,Suture Sound Inc.
57,Works Inc
58,Tencent
59,Venmo
60,Snoozle Limited
61,Playtika
62,Matt Berg
63,Bubblegum Games
64,Chucklefish
65,Twitter
66,Garena Online
67,Apple
68,Microsoft
69,Flipline
70,Discord
71,iInnovate
72,Target
73,Linkedin
74,Giants Software
75,Kabam
76,DoorDash
77,Terminal Eleven
78,Ellation
79,CubeMG
80,Dropbox
81,KingsGroup
82,Pinterest
83,Starz Entertainment
84,North Pole Command Centre Limited
85,FTY
86,"Corsair Components, Inc."
87,Roku
88,Williams Interactive
89,Plug In Digital
90,Double Down Interactive
91,44SEVEN MEDIA
92,Bole Games
93,2kit Consulting
94,Epic Systems
95,Anton Lebed
96,Shein
97,onXmaps
98,Visible Body
99,Rollic
100,BoltCreative
101,So Far So Good
102,Lilith
103,Ifwe
104,Readdle
105,Rarevision
106,Microblink
107,IMVU
108,Fifth Star
109,Good Job Games
110,Playtika Santa Monica
111,Hindsight
112,Cross Forward Consulting
113,Crowdstar
114,Exploding Kittens
115,McDonald's
116,Scopely
117,TonalEnergy
118,IGG
119,Etermax
120,Tidal
121,chris rogers
122,reddit
123,Small Giant Games
124,FiLMiC
125,OfferUp
126,SoundCloud
127,TimeBaseTech
128,Ruby Game
129,Playdemic
130,Incpt.Mobis
131,Product Madness
132,MapMyFitness
133,JindoBlu
134,Supersonic
135,Raffaele D'Amato
136,Klarna
137,Pacific-Interactive
138,Appxy
139,Nike
140,Abylight
141,Weight Watchers
142,X.D. Network
143,ESPN
144,Zakeh
145,Amanotes
146,Tactile Games
147,Firecraft Studios
148,Uber Technologies
149,Piksoft
150,Runtastic
151,Huuuge Games
152,Fat Cigar Productions
153,IEC
154,Leyi Network
155,AirBeamTV
156,eBay
157,Yotta Games
158,Starbucks
159,Duolingo
160,Kpaw
161,ContextLogic
162,Toca Boca
163,Audible
164,SEGA
165,Robinhood
166,iHeartMedia
167,MoonBear
168,PicsArt
169,CloudMosa
170,Early Warning
171,CBS Interactive
172,NEOCORTEXT
173,Fetch Rewards
174,The Meet Group
175,Coffee Stain
176,PeopleFun
177,Gammon Applications
178,Mango Labs
179,Moment Inc.
180,Electronic Arts
181,Jason Loewy
182,Lion Studios
183,Plarium
184,GingerLabs
185,Kwalee
186,Top Games
187,Telegram
188,Life360
189,Funimation
190,Enflick
191,Episode Interactive
192,Ubisoft
193,Popcore
194,Miniclip
195,LateNiteSoft
196,IEC Games
197,USMGames
198,Calculated
199,Crazy Labs
200,PlayStudios
201,Com2uS
202,EFUN
203,Gram Games
204,Topwar Studio
205,Lima Sky
206,Etsy
207,Kentaro Yama
208,Ring.com
209,ASCCP
210,BET Networks
211,Crunchy Bagel
212,Netmarble
213,Chick-fil-A
214,Infinity Pocket
215,Sybo
216,Supertreat
217,Humble Bundle
218,FunPlus
219,Damien Elmes
220,NAVER
221,Luma Touch
222,NaturalMotion
223,Pankaj Goswami Inc
224,NBC Universal
225,Grindr
226,Not Doppler
227,Zynga
228,FullyRaw
229,Reworks
230,Funn Media
231,Zillow
232,Calm
233,Dry Cactus
234,Tubi
235,Fitbit
236,Image Line
237,Indeed.com
238,Jam City
239,FOCUS HOME INTERACTIVE
240,Loop Games A.S
241,Game Show Network
242,Kasper Systems
243,JPMorgan Chase
244,Twelve APP
245,MobiVio
246,Camel Games
247,VitoTech
248,Smule
249,Particle Media
250,Big Fish Games
251,Aspyr
252,Mathway
253,BPMobile
254,"Steel Wool Games, Inc."
255,Tiya
256,Pixelberry
257,Poshmark
258,Headspace
259,Best Buy
260,Monash University
261,TangoMe
262,Maple Studios
263,Peloton
264,Afterpay
265,DoubleU
266,Fonts LLC
267,Bending Spoons
268,Apalon
269,Spike Chunsoft
270,Super Lucky Casino
271,Andreas Illiger
272,Lyft
273,8SEC
274,DAZN
275,in a nutshell - kurzgesagt GmbH
276,Verizon Wireless
277,Pantaya
278,Magnificat
279,立鹏 林
280,Zoosk
281,Bennett Foddy
282,37games
283,Wolfram Alpha
284,Azur Interactive Games
285,Capital One
286,Glu
287,Optime Software
288,Big Run Studios
289,Nintendo
290,Credit Karma
291,Cultured Code
292,Dreame
293,Dan Russell-Pinson
294,Long Tech Network
295,Ironhide
296,Bank of America
297,Flo Health
298,Sirius Technology
299,MM Apps
300,KS Mobile
301,Alexey Antropov
302,Musi
303,Forks Over Knives
304,1Debit
305,Brainly
306,TuneIn
307,TextMe
308,Hewlett-Packard
309,Vizor
310,Deftun
311,Cisco
312,Andreas Kambanis
313,Waze
314,PhotoPills
315,Grubhub
316,Grailr
317,Chess.com
318,Canva
319,Thanh Ho
320,Cogitap
321,Joey Drew
322,Sony
323,ChineseAll
324,ActiveNetwork
325,Peacock TV
326,Seriously Digital Entertainment
327,XtraMath
328,Visual Supply
329,ForceReadiness.com
330,Nekki
331,Bath & Body Works
332,Nexters
333,Civi Corp
334,Instacart
335,e-Courier
336,Kayla Itsines
337,Robot Gentleman
338,Moonton
339,Samer Azzam
340,Mattel163
341,China Literature
342,Anuken
343,AT&T
344,Rovio
345,Codebrew Games
346,Wells Fargo
347,Mechanist
348,LiveATC
349,Adobe
350,Dragonplay
351,Asmodee
352,Popshow
353,Storm8
354,MarineTraffic
355,Intuit
356,Flo Living
357,Cocologics
358,Bitstrips
359,Cricut
360,Flying Development Studio
361,Quadpay
362,Mercari
363,Donut Games
364,Shazam Entertainment
365,Technimo
366,Walgreens
367,FAYJU
368,Kahoot!
369,FitNow
370,Alexander Nowak
371,Comcast
372,Epic Action
373,Duo Security
374,Chegg
375,Jadon Barnes
376,Dunkin' Brands
377,Madness Limited
378,Florian Schimanke
379,INKHUNTER
380,Yahoo!
381,KONAMI
382,Rick Meyers
383,Eden Software Limited
384,Hitcents
385,Life.Church
386,Team17
387,ByteDance
388,MYTONA
389,Raw Fury
390,Airbnb
391,ADP LLC
392,Social Point
393,Yelp
394,TelTech
395,Skype
396,Avid.ly
397,Pixonic
398,T-Mobile US
399,Samfinaco
400,Nelson Media
401,Flipps
402,OCTech
403,Word Game Studio
404,Wooga
405,RORTOS
406,Philo
407,SQUARE ENIX
408,Rakuten Ebates
409,Showtime Networks
410,GOAT
411,Viki
412,Teach Monster Games
413,Alibaba
414,LIME TURTLE
415,Matchingham Games
416,Wildlife Studios
417,interealtime
418,Shutterfly
419,Frontier Design
420,MikaMobile
421,CyberGhost
422,Innovative Developers
423,YouNow
424,Nikolay Partas
425,Affirm
426,Ten Square Games
427,Snowman
428,Stanislas Mettra
429,Yalla
430,Mood Meter
431,Instasize
432,Topanga Technologies
433,Kohl’s
434,Baron App
435,JoyBits
436,Planet Fitness
437,DH Games
438,CAPCOM
439,N3TWORK
440,Igor Borisov
441,Domino's Pizza
442,Meitu
443,HeadUpGames
444,Nexever Pty Ltd
445,Matis
446,Playdots
447,Trail of Bits
448,Ultimate Guitar
449,TeamSpeak
450,Candywriter
451,Jedasoft
452,Panteon
453,CATEATER
454,StockX
455,Astragon
456,Alexey Bogdanov
457,Mageeks Apps & Games
458,Age of Learning
459,K Solution
460,Fashion Nova
461,KLab
462,Apostolos Samaras
463,Lowtech Studios
464,Clover Inc.
465,Tinrocket
466,InShot Inc
467,BlackjackApprenticeship.com
468,Route App
469,Word Find
470,left brain right brain
471,Samsung Electronics
472,Autonoma
473,Sydvesti Oy
474,Creste
475,Siqi Shen
476,Lockwood Publishing
477,Melesta
478,Rego apps
479,Luni
480,IPACS
481,Wendy's
482,Core Coders
483,Hyperconnect
484,LoopLoop
485,KAYAC
486,Instructure
487,Badoo
488,Mobile Deluxe
489,VLMedia
490,Seacloud
491,Macys
492,C & Z Tech
493,FutureMind
494,Suji Games
495,Murka
496,Bennett Racing Simulations
497,NFL Enterprises
498,Babbel
499,TMSOFT
500,Pinger
501,Nanobit
502,Sarah Stevenson
503,GoodRx
504,Avcr
505,Bret Hardman
506,LiveBird
507,Media Social
508,Owen Stanley
509,Ace Games
510,ustwo
511,Postmates
512,The Weather Company
513,Auxbrain
514,Clipwire
515,IntSig
516,Ercan Karabulut
517,Newell Media
518,musictheory
519,REMIND101
520,Sportsman Tracker
521,My Town
522,Netzinkubator Software
523,Foot Locker
524,Ancestry.com
525,Kidapp.ru
526,Life on Air
527,Dow Jones
528,Marek Bereza
529,BURGER KING
530,Thi Thanh Binh
531,欢 刘
532,Side Labs LLC
533,Pocket Gems
534,Hily
535,Dynamic Slash LLC
536,Frosch
537,UPS
538,Lukasz Jakowski
539,Wattpad
540,Volcano Force
541,Epic Creations
542,Zardoz
543,AnchorFree
544,Taco Bell
545,Aviation Supplies Academics
546,Eyewind
547,Bash Gaming
548,Code Organa
549,Daniel Gil
550,Audiomack
551,Free photo video editor and picture movie editing
552,Standard Media
553,Squeakosaurus
554,Wayfair
555,DeNA
556,Smilegate Megaport
557,Jeffrey Kuiken
558,A Thinking Ape
559,Workman Consulting
560,ULTA
561,NY Times
562,Klei Entertainment
563,Co-Star Astrology Society
564,David Desrochers
565,TinyByte Apps
566,Elevate Labs
567,Playdigious
568,DataRiver
569,BetterMe
570,Sunday.gg
571,GoodNovel
572,Antares Audio Technology
573,Victoria's Secret
574,ME2ZEN
575,Allstays
576,Quizlet
577,Tefinkom & CO
578,Feral Interactive
579,Subway
580,Contents First
581,Pearce Media Limited
582,Ringtones Ltd
583,Radish
584,Fool s Dog
585,Chipotle Mexican Grill
586,Fengniao Yufei
587,LW Brands
588,89Trillion
589,KillHouse Games
590,The Home Depot
591,Grammarly
592,cheyoujia
593,Habby
594,Coolors
595,Coinbase
596,Oceanhouse Media
597,GEICO
598,Bazaart
599,TapNice
600,OBRIO LIMITED
601,Elf on the Shelf
602,Cross Utility Ltd
603,Charter Communications
604,Special Gamez
605,Primate Labs
606,Bickster Studios
607,Prequel
608,Cascode
609,Devolver Digital
610,DeusCraft
611,IRL App
612,A.L. Amazing
613,HappyCow
614,Aviagames
615,Onemt
616,Mediocre
617,Mobile Jump
618,SIRIUS XM Radio
619,KamaGames
620,Colin Sapp
621,Ilyon Dynamics
622,Udemy
623,Gluten Free Games
624,Fireproof Games
625,Newsmax Media
626,Tatem
627,Marmelapp
628,Halfbrick
629,Zenjoy
630,wenpeng zeng
631,Depop
632,Strava
633,ramii Moghrabi
634,Jelly Button
635,Imangi
636,Playdead
637,Lowe's
638,AllTrails
639,Will Townsend
640,Ibotta
641,Express VPN
642,Propel
643,Real Estate Portal USA
644,Comunix
645,CVS Pharmacy
646,Xiaoyi
647,Nickelodeon
648,CHG Developments
649,Marco Wenisch
650,Paper Boat
651,LisbonLabs
652,NetEase
653,Max Shaw
654,Carson Lougheed
655,TapMediaLTD
656,Unico Studio
657,Cardinal Blue
658,GPSNavX
659,Good Smile Company
660,D'Adamo Personalized Nutrition
661,FaceApp
662,iUniform
663,Progressive Insurance
664,Nextdoor
665,Renaissance Periodization
666,Bowen Games
667,Honey Science
668,Betternet
669,Axiem
670,Beach Bum
671,GlassifyMe
672,MZ
673,X-Flow
674,Avid Life Media
675,Greenheart Games
676,Boke
677,MLB Advanced Media
678,Yso
679,Magisto
680,Luminous Labs
681,Edpuzzle
682,Dil Mil
683,Francisco Alcala
684,Last Day of Work
685,BROKEN RULES
686,Costco Wholesale
687,Ad Hoc Labs
688,PeakFinder
689,Elestorm Game
690,Noctua
691,Pray
692,Veam Studios
693,Slots Limited
694,Maxim Gapchenko
695,Ascella Mobile
696,"Discovery, Inc."
697,11 bit studios
698,Kik
699,LOOP LEAD CONSULTING PC
700,"OurBigAdventure, LLC"
701,Kaigan Games OÜ
702,Experian
703,GameChanger Media
704,Day Development
705,Local Network
706,Aniplex
707,Open Planet Software
708,TinyLab
709,UGroupMedia
710,Ruby Labs
711,Discover Financial Services
712,Wynn Social
713,Filterra
714,JoyTunes
715,FreeVPN
716,FedEx
717,Clafou Ltd
718,Tapas
719,MoFunZone
720,Breethe
721,Annapurna
722,IKEA
723,Pixelmator Team
724,Sulake
725,Palmer Performance
726,Noah Gilmore
727,craigslist.org
728,Treastone
729,Atari
730,DMorneault
731,Wargaming.net
732,TechSmith
733,Nynix
734,Yostar
735,Alike Studio
736,Wzp Solutions
737,Aqreadd studios
738,Lyam Brothers
739,Skout
740,Giant Network
741,Univision Communications Inc
742,Pizza Hut
743,SkyGazer
744,AstroGraph Software
745,Joypac
746,PocketzWorld
747,D3Publisher
748,iRobot Corporation
749,Dollar General
750,Blizzard Entertainment
751,Entertainment One
752,Canon
753,Social Impact
754,UPlay online
755,KeepSafe
756,DIGITAL MINDS MARKETING SL
757,Yew Technology
758,SMART LIMITED
759,Parler
760,PurpleKiwii
761,Limmer
762,Oasis Games
763,Cartoon Network
764,Flipgrid
765,Fitbod
766,Dusty Wallet
767,Monkey Taps
768,Symantec
769,Dean Huff
770,Kefir
771,CryptoCompany OU
772,Adviqo Technology
773,ForTheLoss
774,PixelGun Company
775,Bossa
776,煌 张
777,Redemption Games
778,Kairosoft
779,Epic War
780,Kamibox
781,Color Switch
782,FishBrain
783,Abundant Health
784,Ludia
785,Sporcle
786,Guglielmo Faglioni
787,Elex Technology
788,Acid Remap
789,DuckDuckGo
790,Brian Rabe
791,YOOZOO Games
792,VC Technology
793,Glority
794,Performix
795,Metamoki
796,Techet
797,FROLIMITO
798,Mobee
799,Merriam-Webster
800,Andres Canella
801,StudioTIMO
802,Crazy4Profession
803,Chewy
804,Glitche
805,Gameloft
806,Almus
807,Tap4Fun
808,LaCuerda
809,Class Twist
810,NATURE INTERNATIONAL TRADING
811,Seterra AB
812,Modo
813,Matthew Taylor
814,Stash Invest
815,Madbox
816,Finco Services
817,Hummingbird Games
818,Literature and Latte
819,Playgendary
820,Scribd
821,Young Horses
822,TV Cast
823,Taplistic
824,HamiltonsApps
825,Gap
826,Ovelin
827,Kristian Stensoenes
828,Workday
829,Rosetta Stone
830,Media Mushroom
831,XAN Applications GmbH & Co. KG
832,Slack Technologies
833,gamebra.in
834,PlayQ
835,Wombat Apps
836,Crossfire Designs
837,Easybrain
838,Maxime Ruys
839,Herring Networks
840,OMGPOP
841,Mega Limited
842,Perry Street
843,Perspective Software
844,Callpod
845,Thomas Yoon
846,Easy Tiger
847,BookMobile
848,Jagex Games
849,Candy Rufus
850,Cole Herrmann
851,David Quiles
852,American Eagle Outfitters
853,Bagelcode
854,BeFunky
855,Immedia Semiconductor
856,InnoGames
857,Jonathan Howell
858,Kakao
859,Tasty Pixel
860,GameStop
861,PopCap
862,Groupon
863,Bytro Labs
864,ACME AtronOmatic
865,Simulation Curriculum
866,Forever 21
867,Citigroup
868,Tue Nguyen Minh
869,Hoop Live s.r.o.
870,Joya Communications
871,MotionOne
872,Over
873,Lehuo
874,Atom Applications
875,MODUL
876,Christophe Théron
877,Small Beautiful
878,Kevin Mangan
879,Activehours
880,NEXON
881,Chris Konstad
882,Invoice Simple
883,Dear U
884,David Wehle
885,IllusionLabs
886,Liber Group OU
887,American Airlines
888,Valerii Andrusyk
889,Fusebox
890,Baby Shusher
891,GoPro
892,Mindfulness Everywhere
893,Care.com
894,Peak Systems
895,AppHeroes
896,omz
897,Phocus
898,VeinSeek
899,Screenzilla
900,FlukeDude
901,Zoneyet
902,Rahul Dewan
903,Little Caesars
904,Chuang Cool
905,Gagandeep Singh Madan
906,WGT
907,Thomas Grayston
908,LearnWithHomer
909,Tommaso Concato
910,HomeAway
911,Torch
912,LoyaltyGame
913,Zhiji Network
914,Defiant Development
915,Beachbody
916,MDickie
917,Hopper
918,ibis
919,Quotient Technology
920,Sonico
921,Nexvio
922,E-Line Media
923,DVloper
924,iPoseidon
925,Banzai Labs
926,CyberStep
927,Skyjos
928,Lingokids
929,Rayark
930,Webull
931,Epocrates
932,OranginalPlan
933,Kolibri Games
934,Simon McMenzie
935,eClinicalWorks
936,Lazy Yards
937,Lucky Kat Studios
938,BitMango
939,IFSTA
940,H&M
941,Zedge
942,INNOVATIVE DIGITAL TECHNOLOGIES LIMITED
943,LiftApp
944,EP Technology Corporation
945,Reliance Big Entertainment
946,Ivan De Cabo
947,Nordcurrent
948,KK Keyboard Studio
949,Llmfinity
950,Lumos Labs
951,Noodlecake Studios
952,Invoice2go
953,Halcyon Products
954,Green Panda
955,Vocabulary
956,Acorns
957,Northcube
958,Funnii
959,Pony Lawson
960,Archosaur Games
961,PocketPixels
962,Dave
963,eHarmony
964,Pham Hang
965,Blowfire
966,William Modesitt
967,Brownmonster
968,Western Union
969,Shudder
970,Chroma Noir
971,United Airlines
972,Booking.com
973,Lifesum
974,Roni Music
975,3D4Medical
976,111%
977,Intelligent Change
978,"Elfster, Inc."
979,rui zhou
980,Open Whisper Systems
981,Amp Me
982,Ogtus
983,SUPERBOX. Inc
984,Thinklean
985,SNK
986,Voxel Agents
987,Direlight
988,Bethesda
989,Jundroo
990,Champions School of Real Estate
991,Martin Man
992,Stephan Gauch
993,Lunime
994,玲玲 吴
995,Feit Electric
996,Michael Eskin
997,Frontier Developments
998,"Iowa Health Foundation, Inc."
999,Joycity
1000,LET Software
1001,Good.iWare
1002,John Goering
1003,Kraftwerk 9
1004,BigWinePot
1005,Clapfoot
1006,Gismart
1007,Gameberry
1008,Datamuse
1009,Blue Brain Games
1010,Windforce Games
1011,Merkury Innovations
1012,Humongous
1013,Youda
1014,GrasshopperApps
1015,PROXIMA VENTURES GROUP INC
1016,Luis Medel
1017,iScore5 App
1018,MediaVibe
1019,PONOS
1020,The League
1021,Marko Radakovic
1022,"Yoteware, LLC"
1023,"Rainfrog, LLC"
1024,DailyInnovation
1025,Gamesoul Studio
1026,Elokence
1027,Pixel Federation
1028,2D Boy
1029,Godzilab
1030,Cloforce
1031,Pearl Abyss
1032,Game Focus Network
1033,Watabou
1034,tinyBuild
1035,MICO
1036,HIDEKI HANIDA
1037,Aerfish
1038,sp0n
1039,iParty
1040,Christoph Matzka
1041,Talents Inc
1042,Kymatica
1043,Abercrombie and Fitch
1044,UnitedMasters
1045,Kyle Kendall
1046,UNIVERSAL REMOTE LABS
1047,Games Operators
1048,Finish Line
1049,Twinstar Creatives
1050,SIMPLETOUCH
1051,First Class Media
1052,LYNNFIELD
1053,Expedia
1054,MasterClass
1055,Vince Internet Company Enterprises LLC
1056,Perfect World
1057,"MyProjectX, Inc."
1058,MY.COM
1059,Foursaken
1060,Pluto.tv
1061,Setona LLC
1062,AM APPS
1063,Tayasui
1064,Papaya Gaming
1065,Runloop
1066,Coffee Meets Bagel
1067,OLIVESTONE Lab.
1068,DHgate.com
1069,EasyTech
1070,Ulkar Akhundzada
1071,Triller
1072,DraftKings
1073,Akvelon
1074,Mammoth
1075,Frogmind
1076,LOGOS-DV
1077,RMR Labz
1078,David Sukhin
1079,ozPDA
1080,Slothwerks
1081,"Dmac Mobile Developments, LLC"
1082,Yuri Vishnevsky
1083,Base Velocity
1084,NBA
1085,BroadbandTV
1086,Tastypill
1087,Triwin Games
1088,Games Cafe
1089,Muhammad Siddiqui
1090,Chris J Ward
1091,PacSun
1092,Digital Dowsing
1093,Men Who Wear Many Hats
1094,Wired Betterment
1095,Tadao Yamaoka
1096,TMI Media
1097,Loju
1098,Kooapps
1099,FRIMON Inversiones y Asesoramiento SL
1100,妍 岳
1101,TerraStride
1102,Serkan Ozyilmaz
1103,Badfish Labs
1104,Sephora
1105,Africa Sunrise
1106,Hibbett Sports
1107,EVOLLY
1108,Hipster Whale
1109,LG Electronics
1110,Christian Hengst
1111,Blue Water Bay
1112,Zaful
1113,Flysher
1114,DWANGO
1115,Trucker Path
1116,2XL Games
1117,TapNation
1118,The Zeus Network
1119,Hayden Watson
1120,Course Hero
1121,Trese Brothers
1122,Eastside
1123,Firelit Studios
1124,GyPSy Guide
1125,Matt Vargo
1126,Moms on Call LLC
1127,Jacob Cavin
1128,Bitcount
1129,AlhoGames
1130,OneSoft
1131,Dick‘s Sporting Goods
1132,Made in Russia
1133,WhoSampled
1134,JCPenney
1135,Windfinder
1136,PrettyLittleThing
1137,Pokelabo
1138,StarMaker
1139,Evil Studios Limited
1140,Paulist Press
1141,Boom Shakalaka
1142,Stars Mobile
1143,"SpotMap, Inc."
1144,fuboTV
1145,Mapgears
1146,CAFE AL MIRAGE LIMITED
1147,Swishly inc
1148,Apps Information Technologies
1149,Nathaniel Eliason
1150,Mehdi Amiri
1151,Serendi LTD
1152,Tilting Point
1153,Sesame Workshop
1154,iCandi Apps
1155,Akai Professional
1156,Babil Games
1157,Opicury Software
1158,Joel Bowers
1159,thatgamecompany
1160,Snapfish
1161,"gApp Technology, Inc."
1162,AffinityBlue
1163,Triple Sevens
1164,Oh She Glows
1165,WeedMaps
1166,Sleep Baby - Music For Sleep
1167,tap tap tap
1168,One Thumb Mobile
1169,Peter Moeykens
1170,Apps4Life
1171,PBS KIDS
1172,Belk
1173,Pham Thi Ha Giang
1174,Sleep LTD
1175,vishnu rao
1176,Tijo
1177,Triniti Interactive
1178,Dire Wolf Digital
1179,The Chamberlain Group
1180,Thomas VanSlambrouck
1181,iAnesthesia
1182,Alictus
1183,Tuya
1184,Prasad Upasani
1185,Catapult Consulting
1186,FatChicken
1187,Peter Breitling
1188,Luxy
1189,Codigames
1190,OGN
1191,Hoang Truong
1192,Phase4
1193,Koramgame
1194,Joseph Loconte
1195,Two Steps
1196,Visual Vertigo
1197,SleepSci
1198,James Menduso
1199,Metacore Games
1200,Candivore
1201,marketing66
1202,Homa
1203,Quan Nguyen
1204,PlaySide
1205,Signal Stuff
1206,First Descent Software
1207,Tiemei Yan
1208,Sawyer Blatz
1209,Bird Rides
1210,Georgi Zlatinov
1211,XwaveSoft
1212,Sonos
1213,Duoyi
1214,MKT-TEKH LLC
1215,Zuuks Games
1216,Oculus VR
1217,Armor Games
1218,A Creative Endeavor AB
1219,Journey Bound Games Inc.
1220,Mobge Ltd
1221,Outfit7
1222,Game Labs
1223,Swing by Swing Golf
1224,Hutch
1225,Big Blue Bubble
1226,The Positive Birth Company Ltd.
1227,what3words
1228,Macadamia Apps
1229,Topps
1230,Lucas Yamashita
1231,PlaySimple
1232,Eiko Bleicher Skizzix
1233,Umi
1234,Nox Ltd
1235,Sleepy Z Studios
1236,Gigantic
1237,N2GU INC
1238,James M Kempema MD PA
1239,Thomas Backes
1240,Willow TV
1241,Limbua
1242,First Touch
1243,FEINHEIT
1244,Meijer
1245,BazilSoft
1246,AxesinMotion
1247,Bleacher Report
1248,Inditex
1249,EtherGaming
1250,Yak & co
1251,Pro Strategy Games
1252,LDRLY
1253,BDT Digital
1254,mixtvision digital
1255,Zaia
1256,Omar Mody
1257,OMJ Holdings
1258,Andras Solyom
1259,THUP
1260,Bed Bath & Beyond
1261,Josh Williams
1262,Janus Pedersen
1263,Juxta
1264,Wedobest
1265,Magic Notion
1266,Tactus Therapy
1267,Bart Bonte
1268,Silvio Rizzi
1269,High5Games
1270,ali feili
1271,MonkeyWantBanana
1272,Ryan McLeod
1273,Panzerdog
1274,Nordstrom
1275,AlphaSquare Technologies
1276,Mino Games
1277,Gagale
1278,Rocket Splash
1279,Dramaton
1280,"App77, LLC"
1281,Dating DNA
1282,ASOS Mobile
1283,Lei Chen
1284,Dmytro Cheverda
1285,Repos
1286,Doan Hung
1287,"Steel Crate Games, Inc."
1288,TappyTaps
1289,Joseph Peaden
1290,Belief Engine
1291,PlayStack
1292,Tenor
1293,PlayMonster LLC
1294,M Usman Rasheed
1295,Andrii Melnichenko
1296,Supergiant Games
1297,Damian Bernardi
1298,Fat Free Apps
1299,"Threads Group, Inc."
1300,PlayAlong TV Limited
1301,Cuddle Live
1302,Streamside
1303,eRepublik Labs
1304,Mountain Sheep
1305,Bigger Games
1306,Loud Crow
1307,Mattel
1308,zinb daoufa
1309,Likewise
1310,SOCIALITY
1311,AppDancer
1312,Devsisters
1313,Final Draft Inc
1314,Quantum Four Inc
1315,Cider Software
1316,Shaved
1317,Beamdog
1318,ZPLAY
1319,Space Ape
1320,Darren Wiebe
1321,"Innovative Software Solutions, LLC"
1322,Simonex Group LLP
1323,Bushiroad
1324,Vicente Caycedo
1325,Flipp
1326,Big Head Brothers
1327,VUDU
1328,Trivial
1329,RedSnake
1330,Spicerack
1331,Minh Ngoc
1332,Experimental Gameplay
1333,Subatomic
1334,XBuding
1335,State of Minnesota
1336,Tinybop
1337,Rogue Games Inc
1338,Big Ten
1339,Commonwealth of Pennsylvania
1340,Chrono Numeric Labs
1341,Jump Ramp
1342,Fitness22
1343,Nicolas Schulz
1344,ZlongGames
1345,Lukasz Spierewka
1346,"Dianjinshi Information Technology Co., Ltd"
1347,"Curtsy, Inc."
1348,Asia Innovations
1349,Tapbots
1350,PPS
1351,tarun kurapati
1352,AppFever
1353,PricklyFish
1354,"Wuhan LAN Chen Network Technology Co., Ltd."
1355,Joy Mania
1356,KORG
1357,MeWe
1358,ZigZaGame
1359,KumuMedia
1360,Thilina Solomons
1361,PT.Farm
1362,InMeteo
1363,Featherweight
1364,Atypical Games
1365,Attila Peter Szanka
1366,Cupid PLC
1367,PikPok
1368,Rolfs Apps
1369,Drugs
1370,Smart Project
1371,ID.me
1372,Mogens Erik Egeskov-Madsen
1373,Ezra Keat
1374,Seven Pirates
1375,David Zemsky
1376,Step Mobile
1377,Photomyne
1378,Frozen Ape
1379,Aceable
1380,The Kabbalah Centre International
1381,"Front 9 Restoration, Inc."
1382,FDG Entertainment
1383,WWE
1384,Yerzhan Tleuov
1385,Terrier Apps
1386,Shirley Luk
1387,Peter Smith
1388,Spirit Airlines
1389,NovaSoft Interactive
1390,forScore
1391,Spotlight Six
1392,SideChef Group Limited
1393,Riley Cillian
1394,Applied Visions
1395,Spiral Interactive
1396,Delta Air Lines
1397,ONESoftware Inc
1398,Lumen Digital
1399,Dragon Game Studio PT
1400,Fuero Games
1401,Mario Zechner
1402,Blinks
1403,John Ostler
1404,Southwest Airlines
1405,Apptly
1406,Van Thang
1407,Stardust App LLC (New York)
1408,gravity sensation
1409,Indi Individuals Inc.
1410,Bernhard Hering
1411,Pokemon
1412,John E. Hartzog
1413,American Broadcasting Company ABC
1414,Informed Publishing
1415,Tech Efficient LLC
1416,PlayHome
1417,Horizons [Companies]
1418,Angry Mob Games
1419,ExamFX
1420,Purple Ocean Psychic
1421,Serdar Akgul
1422,Simulation Training
1423,MobilityWare
1424,GungHo Online Entertainment
1425,"The Barringer Group, LLC"
1426,Ticket The Moon
1427,Stuart Brown
1428,JJACR
1429,Fox Sports
1430,Joel McDonald
1431,Merek Davis
1432,FlameFront Studios
1433,Braille Skateboarding
1434,Amirali Rajan
1435,iHandy
1436,WapleStuff
1437,ivan colasanti
1438,gary gogis
1439,Voice Dream
1440,Fulvio Scichilone
1441,HGamesArt
1442,Digital Smoke
1443,INDG
1444,"Big Shot, LLC"
1445,XU JIAYONG
1446,Vela Technology
1447,Gaea Mobile
1448,Double Dog Studios
1449,Smart Go
1450,AppTout
1451,Popeyes Louisiana Kitchen
1452,Fall Day
1453,Kevin Bradford
1454,Game Oven
1455,NTT Solmare
1456,Lazily Inspired
1457,WMP
1458,Josef Moser
1459,Papa John's
1460,Drool
1461,成都草堂书香科技有限责任公司
1462,Ronan Stark
1463,Bearbit
1464,Ian Wall
1465,BK Partnerships
1466,Jazza Studios
1467,Renewed Vision LLC
1468,Alex Savin
1469,Plum Amazing
1470,Vlambeer
1471,Netsells Ltd
1472,GANZ
1473,Panda Apps Limited
1474,Social Sweethearts
1475,GoPuff
1476,Two Men and a Dog
1477,4399
1478,Upside Services
1479,Sonic Drive-In
1480,Blue Zoo
1481,InVogue
1482,Carbon Based Apps Inc.
1483,Rumble Inc
1484,Symbolab
1485,DK Pictures
1486,The Christian Broadcasting Network
1487,Little Bee Speech
1488,Uptown Apps
1489,Fun Dating
1490,NFHS Network
1491,Software Studios
1492,Casetagram
1493,Hunter Research
1494,Craig Kerns
1495,JoeAllenPro
1496,Pacemaker Music AB
1497,Crookneck
1498,The Common Application
1499,Captain Games
1500,David O'Reilly
1501,Kaleloft LLC
1502,PlayDate
1503,"Xiamen Marketing Sifang Information Technology Co., Ltd."
1504,BJ's Wholesale Club
1505,Gravity Corporation
1506,Hidde van der Ploeg
1507,VitalTek
1508,ION6
1509,Studio Pareidolia Limited Liability Company
1510,Ajoy
1511,ST Unitas
1512,Tomasz Domanski
1513,MobiTech 3000
1514,RadioReference.com
1515,NECTAR ai LLC
1516,BandLab
1517,Night and Day
1518,PowerSchool
1519,Pratik Parekh
1520,Cube Games
1521,MyScript
1522,TicTapTech
1523,anh pham
1524,Recloak
1525,Hard Coded Fitness
1526,Hipstamatic
1527,Hyun-joong Kim
1528,Guided Ways
1529,Derya Agiroglu
1530,Nasda Studios
1531,Bram Bos
1532,QuVideo
1533,Sporty s Pilot
1534,PK IST Dev
1535,Neocraft
1536,WheresGeorge.com LLC
1537,Infinite Play
1538,GJHDigital
1539,Swag Masha
1540,infoding
1541,Batoul
1542,Kaeria
1543,Panera Bread
1544,Epoch USA
1545,Powaforce Technology
1546,IhsaanFusion
1547,Ginger Software
1548,Amanita Design
1549,AudioKit
1550,Armel Jestin
1551,"Young Phoenix Co., Limited"
1552,Physics Classroom
1553,"Durham DBT, Inc."
1554,"ChristApp, LLC"
1555,Bunch Live
1556,Trnio Inc.
1557,Salon Styling
1558,PromptSmart
1559,Xigma Games
1560,Children Desiring God
1561,"Storyfire, Inc."
1562,Wawa
1563,squarecrowd
1564,McGowan Software Limited
1565,Yuji Adachi
1566,Moremo Network Limited
1567,Nooleus
1568,Prisma labs
1569,Parlor
1570,WinZip
1571,Appsverse
1572,Renny Jachowicz
1573,Tree Men
1574,QiaHaoQingChun
1575,Megata HONG KONG LIMITED
1576,Alexis Pautrot
1577,MEA Mobile
1578,"Iterum, LLC"
1579,Yao Ruan
1580,Griffin Ledingham
1581,Nikolai Derek
1582,Finger Art Games
1583,Patrick J Maloney LLC
1584,Killmonday
1585,"Ultra Software Solutions, LLC"
1586,Classical Conversations
1587,HealthVida
1588,Peripheral Brain
1589,Tether
1590,Nino Uzelac
1591,Studio 917 Inc.
1592,Four Thirty Three
1593,欢欢 邓
1594,Viktor Hesselbom
1595,diniska
1596,combyne
1597,Monster Inc.
1598,Exelerus
1599,Dr. Panda
1600,Star India
1601,Universalis
1602,Life Ware Solutions
1603,Fluntro
1604,Pepi Play
1605,Native Instruments
1606,Phu Hien Nguyen
1607,FloSports
1608,Augusta National
1609,Caffeine
1610,gumi Inc.
1611,Lab11 Ltd
1612,Emergent Studios
1613,Adam Foot
1614,Matthew Sorensen
1615,Andres Martin
1616,MyNetDiary
1617,TouchTunes
1618,David Likosar
1619,GT Race Games
1620,RadPirates
1621,Parkmobile
1622,Ookla
1623,10tons
1624,Aleksei Kalinin
1625,Syazan OU
1626,"Nomad Innovations, LLC"
1627,Gosiha Pte. Ltd
1628,Tripledot
1629,"Nanjing Yesheng Byte Network Technology Co., Ltd."
1630,Private Island
1631,State of Michigan
1632,Saddiq Rahim
1633,Katerina Antonopoulou
1634,THE POLYGON LOFT LTD
1635,Dating.com
1636,Next Games
1637,Sanville
1638,Speechify
1639,"The Japan Times Publishing, Ltd."
1640,Kiragames
1641,Dianchu
1642,Malesco
1643,MySeat.com Media Inc.
1644,If Then
1645,虹城 李
1646,Chung Thi My Phuong
1647,Ateam
1648,Jakobi Teknik
1649,SKH
1650,Everybody
1651,G5 Entertainment
1652,Happii LLC
1653,"Kimico, Ltd."
1654,MWM
1655,Doug Fales
1656,W van der Deijl
1657,"Test Prep Technologies, LLC"
1658,Newegg
1659,CRTV
1660,"The Valyrean Group, LLC"
1661,iQIYI
1662,Fox News
1663,AVOKIDDO
1664,ZHANGYUE
1665,EZ Apps
1666,Stefan Pledl
1667,Nam Le
1668,Fingersoft
1669,Yuki
1670,Sarah Northway
1671,CNN
1672,FunShot
1673,勇 邓
1674,PlanetArt
1675,"TechStyle, Inc."
1676,HayGrazer
1677,Playkot
1678,Studio Goya
1679,SFB Games
1680,楠 张
1681,RedBull
1682,Zhenlu Zou
1683,Pietro Messineo
1684,Chicken Waffle
1685,Game Hive
1686,Whizpool
1687,Survey Sampling
1688,Booksy
1689,Oddworld Inhabitants
1690,Rise Up Games
1691,Premiere Radio Networks
1692,OriginatorKids
1693,Position Mobile Ltd SEZC
1694,The RedHouse Apps
1695,Leafcutter
1696,Cybernate
1697,Catforce
1698,mydigitalearth
1699,Libby Fong
1700,Kenny Park
1701,"UfYH, LLC"
1702,funkitron
1703,Athena Studio
1704,"Litchfield Associates Ltd, Inc"
1705,Brandy Melville
1706,GetPure
1707,SLAP STUDIO
1708,Zed Said
1709,American Society of Regional Anesthesia and Pain Medicine
1710,NewsLeap
1711,Laan Labs
1712,Natenai Ariyatrakool
1713,Cheol Kim
1714,Bar Yaacovi
1715,Akatsuki Inc
1716,NextEra Energy
1717,Bianfeng
1718,Ace Soft
1719,"Studio Nano Ship, Inc."
1720,Squircle Apps LLP
1721,Alma Ohene-Opare
1722,Skinny Labs
1723,Leafgreen
1724,TEAL EYE
1725,Neutron Holdings
1726,Blake Williams
1727,PocketLabs
1728,Creative Mobile
1729,Quack Marketing Ltd
1730,Andrei Gaivoronskii
1731,WAYSNET
1732,DENIVIP
1733,GameFirst Mobile
1734,Michael Berg
1735,Juan Gabriel Palomino Garcia
1736,Panda Restaurant Group
1737,GoLocalApps
1738,Eric Tetz
1739,Natural Synthetics Inc.
1740,"UPPER TIER DEVELOPMENT, LLC"
1741,Carnevale
1742,ASBO Interactive
1743,Idea Accelerator
1744,Screw Bar
1745,Scuba Trade
1746,Twelve Pin
1747,LGD Studio
1748,Real Games SRLS
1749,Slader
1750,App Craft Studio
1751,Associated Press
1752,Pavel Dobryakov
1753,Wright Flyer
1754,Cepher
1755,This Exit
1756,Marvin Krueger
1757,"TSH, LLC"
1758,Juice Master
1759,Sepia
1760,Fitingo
1761,Ganger Cai
1762,Doruk
1763,Thi Tuyet Hoa Nguyen
1764,"Xi'an Yomai Technology Co., Ltd."
1765,Mahjong
1766,Nelson Lai
1767,Willmack LLC
1768,Paideia Games
1769,Antwon Key
1770,Technology of Influence
1771,Alexander Frascona
1772,Spectre Software Inc.
1773,Room Candy
1774,The New Data Project
1775,Matt Mankins
1776,Rodan mobile
1777,Truebill
1778,Surfline Wavetrak
1779,婷 刘
1780,"iCivics, Inc."
1781,Mad1 Games
1782,Whitney Simmons App
1783,"Wide Swath Research, LLC"
1784,Hoan Ngo
1785,Vivid Games
1786,10% Happier
1787,QIJI TECHNOLOGY
1788,Louisiana Secretary of State
1789,Plain Theory
1790,Senses
1791,VPB
1792,Tron Quixote
1793,Ryan Robinson
1794,Drury Outdoors
1795,Behaviour Interactive
1796,Sling TV
1797,CottonGame
1798,Rabbit Tech Inc
1799,Health Xperts
1800,David Ritchie
1801,Copychaser Games Inc.
1802,YONG YANG
1803,Mindcubed
1804,Scott Rundell
1805,Andrei Zaharia
1806,App Holdings
1807,Reflectly
1808,Yuhong Fu
1809,MoodWorks
1810,HAL Laboratory
1811,Loud Mic
1812,Bullet Journal
1813,Outvote
1814,Infinite Dreams
1815,Mobile Billing Activities
1816,HatsOffApps
1817,Lightheart
1818,TapBlaze
1819,Neosus
1820,Tuyoo
1821,Ratha Sou
1822,ABISHKKING
1823,Dmitriy Kuznecov
1824,Badsnowball
1825,GAMEVIL
1826,Illumix
1827,Blink Academy
1828,康行 Nagasima
1829,Bjorn Jenssen
1830,FanDuel
1831,Quyet Ngo
1832,Dictionary.com
1833,Brainium
1834,Scan Gluten Free
1835,Bui Van Hoan
1836,Maple Media
1837,Lifebelt
1838,Ketchapp Studio
1839,Eventbrite
1840,"AKW Ventures, LLC"
1841,NewTek
1842,LumEnrich
1843,Stanislav Dvoychenko
1844,Mars
1845,"CANASTA JUNCTION, LLC."
1846,Appdicted
1847,Click2Mobile
1848,DGN
1849,Vimo Labs
1850,Adam McElhaney
1851,Game Insight
1852,Grog
1853,Laundry Bear Games Inc.
1854,Xinghe Time
1855,Strucc AB
1856,AveCreation
1857,"The Yes Platform, Inc"
1858,Sengle Tech
1859,University of Colorado Boulder
1860,Azai Ryker
1861,Bkstg
1862,MotivCode
1863,VidAngel
1864,"David Seek, LLC"
1865,Aconite
1866,AIDIS
1867,PA Mobile Technology Company Limited
1868,Apps that Pay
1869,"Apps, Games & Tools For DJI Drones Control & Fly By Phoenix"
1870,Spalding Education International
1871,Joshua Nevills
1872,Schoology
1873,With Wings
1874,Serious Fun
1875,"Cornfield Creative, LLC"
1876,Kingly
1877,17 Media
1878,thredUP
1879,Atadore
1880,inkle
1881,Kika Tech
1882,KSA CAPITAL DEVELOPMENT LIMITED
1883,Mohammed Essabbar
1884,Christopher Coudriet
1885,GreenScreen Wizard LLC
1886,PlayWay
1887,Dries Depoorter
1888,Xavier Heras Divison
1889,Dual Cat
1890,TalaTek LLC.
1891,CrioSoft LLC
1892,Symfonies
1893,GoodStamp
1894,"Backbone Labs, Inc"
1895,WeatherBug
1896,CCS Ltd
1897,DrinkBox
1898,See It With Us
1899,"Long Term Glass Wares, LLC"
1900,SmartNews
1901,Anti-Stress ASMR & Slime Casual Games Studio
1902,Quibi
1903,Tantan
1904,BTC Studios
1905,Emergency Soft
1906,SpaceX
1907,River Search
1908,Ghostwheel
1909,Imgbase
1910,Big Heads
1911,Pomegranate Apps
1912,TSO
1913,Books of Discovery
1914,Northwest Project Development
1915,Partum Apps
1916,Huong Vu Dieu
1917,RT Sixty Ltd
1918,Tronplast
1919,James Schroeder
1920,BonusXP
1921,Zein Apps
1922,Realmac
1923,Frozenfrog
1924,Gamejam
1925,YunaSoft Inc
1926,Martin Magni
1927,Mixtapez
1928,Fox Broadcasting Company
1929,Enhancient
1930,Goodgame Studios
1931,Infinity Vector
1932,Double A Games
1933,Geisha Tokyo
1934,Sirvo
1935,Ray Bernardo
1936,Coda Platform
1937,American Sailing Association
1938,Tipping Points Technology Limited
1939,DirecTV
1940,Immersity Tech
1941,Suntex International Inc
1942,LAPIS HOLDINGS GROUP LTD
1943,OpenTable
1944,ASN Group
1945,HereStory
1946,Ultimate Fighting Championship (UFC)
1947,Folla Media
1948,Eboticon
1949,"Kennedy Development Group, LLC"
1950,Delight Room
1951,Spoon Radio
1952,Horrible Guild
1953,OnSong
1954,Tour Buddy
1955,Sony Pictures Television
1956,Joseph Vidunas
1957,Fabled
1958,Penn Interactive
1959,Ziga Porenta
1960,Lakota Language Consortium
1961,Ramond Double
1962,Punicasoft
1963,Handelabra Games
1964,AxleBolt
1965,Happymagenta
1966,Nathan Roberts
1967,Orion uwu
1968,Alegrium
1969,Red Sprite Studios
1970,Anji Games
1971,White Marten GmbH
1972,MindfulnessApps
1973,Baidu
1974,Pygraphics
1975,LogMeIn
1976,MAJ Apps Games
1977,Joseph Edward Richardson
1978,FADILI taoufik
1979,Dreaming In Binary LLC
1980,MassHive Media
1981,"COOL KICKS, LLC"
1982,PK INNOVATION
1983,AppDaddy Technologies
1984,Ivan Stepanov
1985,Hot Soup
1986,SOWJANYA ALLA
1987,Autumn Games
1988,CoolMobileSolution
1989,AOL
1990,Marcus Roskosch
1991,Bugfoot Studios LLC
1992,Finnsane
1993,Bold Games Limited
1994,Fansup
1995,Slickage
1996,Commission for Case Manager Certification
1997,雪 邢
1998,"SNOW, Inc."
1999,Busy Apps FZE
2000,WHAT DO YOU MEME LLC
2001,Gongwer News Service
2002,Adam Szedelyi
2003,22learn
2004,Jesse Heffels
2005,Soferio
2006,WONDERFUL LASERS
2007,Wgames
2008,Rave Media
2009,Real Bodywork
2010,kyoung hee park
2011,Staple Games
2012,"APPrize, LLC"
2013,First Phorm
2014,Telepathic
2015,GOODROID
2016,FJOR NUTRITION
2017,Choose Multiple
2018,Rocketcat
2019,WATCHED
2020,Guangzhuiyuan
2021,Bicycle Maintenance Guide Ltd
2022,YULIIA VYKHOR
2023,Kenneth Kocienda
2024,yaMobil.co
2025,Valorware
2026,Hemisphere Games
2027,PerBlue Entertainment
2028,Verv
2029,AZAMATIKA
2030,Revelary
2031,Turner Broadcasting System
2032,"INDEPENDENT DESIGN STUDIOS, LLC"
2033,Byte Inc
2034,Jeff Stuart
2035,Dirtybit
2036,AssistiveWare
2037,ZeptoLab
2038,Rafael Mursalov
2039,PNC Bank
2040,"Future Spin Software, LLC"
2041,Bose
2042,Performance Audio
2043,SleepSoft
2044,Shenzhen Intellirocks Tech Co. Ltd.
2045,Camden Fullmer
2046,Erie Indemnity
2047,Camera Control Apps sp. z o.o.
2048,Shane Clifford
2049,Doist
2050,Francis Bonnin
2051,Frederik Riedel
2052,Self Lender
2053,The Lampo Group
2054,keang david
2055,Aleksi Rantonen
2056,iDailybread
2057,Mucool
2058,Veronika Fomina
2059,Prentke Romich
2060,Occipital
2061,White Room Games
2062,Social Guide LLC
2063,Shihab Mehboob
2064,Transitional Forms
2065,Weewoo
2066,Luojilab
2067,Riot Games
2068,BerryGood Media LLC
2069,Tu Phan
2070,EnGIS
2071,NEXT LEVEL LLC
2072,DoReMIR Music Research
2073,Half Note Labs
2074,Ethan Robbins
2075,KendiTech
2076,Totally Rad
2077,SnakeSnap Inc.
2078,Joseph Grainger
2079,Best Free and Fun Games
2080,AM PowerSoftware
2081,Pyopyo Studio
2082,BeerSmith
2083,Proko
2084,Group of Brothers Yazilim Sistemleri Anonim Sirketi
2085,guodong jiao
2086,CarX Technologies
2087,Visual Blasters
2088,Dig-It Games
2089,Yesteq
2090,Urban Outfitters
2091,WhyHunger
2092,Spud Pickles
2093,Dartfish
2094,RPA
2095,CDE Solutions Inc.
2096,Vernier
2097,Pikalitiks
2098,DD Disposables Inc
2099,Tropical Smoothie Cafe
2100,Quynh Dau
2101,Soneraltincit
2102,Hui Wang
2103,CobbySoft Media Inc.
2104,Khan Winter
2105,Press Play Inc.
2106,Texas University Health Sciences
2107,Button Software
2108,Derek Spears
2109,GoSoftWorks
2110,Impala Studios
2111,德行 陈
2112,Tal Shrestha
2113,Marcel Schmitz
2114,NX Multiservicos
2115,Live Sport Interactive LLC
2116,UniqueApps
2117,Davy Wentzler
2118,SafeTrek
2119,Streema
2120,Mitch Waite
2121,Mobile Quest
2122,Luka
2123,Murat Ayfer
2124,Whatever Inc.
2125,ProtonMail
2126,Taza Technology
2127,BoomBit
2128,RotoUnderworld LLC
2129,We Are Empire PTY LTD
2130,Sparkol Ltd.
2131,Toolit Media
2132,youthhr
2133,Sport and Financial Limited
2134,NuTech Mobile LLC
2135,"NerdsGeeksGurus, LLC"
2136,ReadIQ
2137,One Inc.
2138,I Am Sober LLC
2139,Luke Bartolomeo
2140,"NA World Services, Inc."
2141,Black Cat Systems
2142,玉霞 杨
2143,Issmail eljouahri
2144,Yonac
2145,EMMANUEL OLURINDE
2146,New York State Department of Health
2147,Batchelor
2148,Lucky Clan
2149,HandyPadSoft
2150,liu fei
2151,Boohoo.com
2152,Levi Williams
2153,"Computer Sports Medicine, Inc."
2154,7-Eleven
2155,Corentin Larroque
2156,Paradyme
2157,Texas Instruments
2158,Qneo
2159,Aaron Aquino
2160,Cantcha
2161,BAMTECH
2162,Reviva Softworks
2163,Red Ripe Media
2164,Stefan Van Damme
2165,Ayse Nur Bak
2166,MindWareToys
2167,BattleCry
2168,James Swiney
2169,LoveAlarm Inc.
2170,Vijay Hirpara
2171,Fox and Sheep
2172,Z & K Games
2173,Bonsaisoft LLC
2174,Dogbyte
2175,NJOIT
2176,DUCKY LTD
2177,Tom Klimek
2178,Kunabi brother
2179,SutraTaps
2180,Buffalo Wild Wings
2181,Chau Thi Minh Thuy
2182,FLERO GAMES
2183,Maksim Gamarnik
2184,Dappological Ltd.
2185,Gail Stepney
2186,David Fu
2187,3D Tuning
2188,Office of Federal Student Aid
2189,Dominion Energy
2190,RAC7
2191,Madzay Color Graphics
2192,jRuston Apps
2193,New Star Games
2194,IGS
2195,Burlington Pediatrics
2196,Seesaw Learning
2197,JET Powered Apps Ltd.
2198,Crescent Moon Games
2199,Mozilla
2200,LMF.Services
2201,Caramel Column
2202,Comedy Central
2203,Grizzly Labs
2204,Mathpresso
2205,"Guangzhou Wangju Xingguang Technology Co.,Ltd"
2206,Langren001
2207,Ahmed El-Khuffash
2208,The University of Iowa Research Foundation
2209,Volker Schueppel
2210,Talkabout Design LLC
2211,trauma and pain management services pty ltd
2212,Applied Ballistics
2213,MICO & Kitty Live
2214,Tile
2215,Lunabee
2216,Krispy Kreme
2217,Junecloud
2218,BoomHits
2219,4L GAMES
2220,APPWINGS Ltd
2221,Maryland Department of Labor
2222,Akash Jain
2223,Skyrocket Apps Limited
2224,fullsenders
2225,"Byron Katie International, Inc"
2226,Dream Word Games
2227,Aliaksandr Uvarau
2228,App Ideas
2229,GOT GAME
2230,Right On Cue
2231,Layton Hawkes
2232,Ashley Robinson
2233,Magic Celebrity Funny Studio LLC
2234,Ninebuzz
2235,IDoser
2236,菲 耿
2237,翠玲 施
2238,Ivan Zasiadvovk
2239,Paul Wright
2240,Jayaram Nambiar
2241,Eastwood
2242,Andrew Fang
2243,Aditya Rajveer
2244,WeltsGut Sarl
2245,Mary Greensmith
2246,Contrast
2247,pinkfroot
2248,Chillingo
2249,Perfect Corp
2250,Choice Games
2251,Digital Park LLC
2252,Waking Up
2253,Cyan Worlds
2254,AromaTools
2255,Onemena
2256,Simon Leeb
2257,Barnstorm Games
2258,LIU FENG
2259,HeartsNet
2260,TJX
2261,mecobilisim
2262,Jiafu Zhang
2263,NIC Inc.
2264,Andrew Chin
2265,United.jp
2266,WayDC
2267,Damian Sommer
2268,Christopher Morales
2269,Joel Smith
2270,Lei Jiang
2271,Alina Vetrov
2272,Weibo
2273,Gelato Games
2274,EL HOUCINE BOUGARFAOUI
2275,BEINGAME
2276,ComcSoft
2277,Protostar
2278,Infinite Wave
2279,Haley Reeve
2280,Rhonna Farrer
2281,Benjamin Reynolds
2282,tadashi atoji
2283,"Crumbl, LLC"
2284,Alex Tataurov
2285,Suomen Rauhanyhdistysten Keskusyhdistys ry
2286,OrangeOrApple
2287,Footballguys
2288,TokyoPlay
2289,Vulcan Labs
2290,Beta Labs
2291,Mariano Rezk
2292,Dexati
2293,Simon Filip
2294,Navionics
2295,VOLKRAFT
2296,Aeroapps Technology
2297,Pocket Life
2298,Aarnav Jindal
2299,Tanmay Sonawane
2300,Bouke van der Bijl
2301,Atsushi Ezaki
2302,Milana Izaeva
2303,NC Department of Health and Human Services
2304,Dark Noise LLC
2305,Michael Teuscher
2306,Lemondo
2307,Stephane Soler
2308,Penn National Gaming
2309,Bluefire Productions
2310,"Synapse Apps, LLC"
2311,Yang Zhou
2312,Bezhan Odinaev
2313,Vespa Interactive
2314,Mathew Purchase
2315,Tien Long Nguyen
2316,Yoon Sik Kang
2317,Alan Cushway
2318,Jorge Arroyo
2319,Education Mobile
2320,John Davis
2321,Creative Titans inc.
2322,Appventions
2323,Turborilla
2324,Andriy Stefanchuk
2325,"Chengdu Good times Technology Co., Ltd."
2326,Dan Lespect
2327,Cyberprodigy LLC
2328,Rongrong Lai
2329,Macmillan New Ventures
2330,DSW
2331,Airtime
2332,AppQuantum
2333,Wave Video
2334,Santiago LEON
2335,LINE
2336,Hoa Nguyen
2337,Moleskine
2338,Mobile Motion
2339,Moneer Marouf
2340,Bonzai Games
2341,Naseem Akhtar
2342,EZ Games
2343,"Athlon Games, Inc."
2344,Radiantlabs
2345,Oh BiBi socialtainment
2346,Nikola Bozinovic
2347,Motor Trend Group
2348,"SIBSTROINEFT, OOO"
2349,United States Golf Association
2350,Colin Lane Games
2351,Albertsons Companies
2352,CW Network
2353,Crazy Monkey Studios
2354,RustyBrick
2355,Kai Luo
2356,Jack LaLonde
2357,Bogdan Dobrea
2358,Fatih Beceren
2359,Beijing Karma Technology
2360,Kongregate
2361,Boltrend
2362,Callosum
2363,Pascal Monaco
2364,Friendly
2365,Tiger Mobi Limited
2366,Shapekeeper
2367,Christian Selig
2368,Fernando Bunn
2369,Kevin Steely
2370,Clever Inc.
2371,USEPA
2372,Desmos
2373,xiamanwuxing network
2374,"MathPapa, Inc."
2375,Adem KAYIRCI
2376,MeeLive
2377,"Juana la Iguana, LLC"
2378,NLEM
2379,IQAir
2380,Fntastic
2381,9 Count
2382,Hahn Software LLC
2383,"AllTeamz, LLC"
2384,Wizarding World Digital
2385,Chivalry Studio
2386,Draknek
2387,First Commonwealth Bank
2388,Lezhin
2389,Auntie Anne's
2390,NTWRK
2391,Ernest Brock
2392,Megapops
2393,Truven Health
2394,Hip Fire
2395,Scott Martin
2396,GLOBILE BILISIM BILGISAYAR HIZMETLERI ILETISIM DANISMANLIK SANAYI TICARET
2397,"Wombat Studio, Inc."
2398,Maker Labs
2399,GeoPOI LLC
2400,Breathwork Inc.
2401,VLB
2402,Xiachufang.com
2403,Super Bit Machine
2404,Shabu
2405,Friend Times
2406,Bezier Games
2407,Teatime Games
2408,RotoWire
2409,Blue City
2410,Word Smash DEV
2411,Follow Circles
2412,Marenem Inc.
2413,Electric French Fries
2414,Move Inc
2415,Carol Ellen Measles
2416,Premier League
2417,"HK LAN BRIGHT TECHNOLOGY CO., LIMITED"
2418,Yunbu
2419,JP Games
2420,DonaldJTrump For President
2421,Gordon Edwards
2422,Infinite Campus
2423,Allstate
2424,Everbridge
2425,PulsePoint
2426,Weston Bustraan
2427,trianglepixel
2428,Nearpod
2429,Intersect World
2430,Bible Study Fellowship
2431,Blackboard
2432,Levan Kuchukhidze
2433,"App MyEar, Inc"
2434,Century Light LLC
2435,Ivan Calle
2436,Unstuck
2437,i4software
2438,Golmium
2439,AVIZO
2440,Martin Knopf
2441,shopkick
2442,Bigdog Games
2443,Calcium Science
2444,Blitz Studios
2445,Outerspacious
2446,NHN comico
2447,Andrew Kasper
2448,Tapinator
2449,Sprint
2450,HSP EPI Acquisition LLC
2451,Kuaikanshijie
2452,One Man Band
2453,Apex Anatomy
2454,Rewardify
2455,EightyEight Games
2456,Lake Horizon
2457,KO_OP
2458,A.S.M M
2459,"Ellie's Games, LLC"
2460,PINX
2461,CacaCat
2462,BeastGrip
2463,Dazz
2464,McDougall Media
2465,HIROYOSHI OSHIBA
2466,Francois Duchemin
2467,"H3 Apps, LLC"
2468,Windowed Universe
2469,Nikolai Kuznetsov
2470,广州思坞信息科技有限公司
2471,Jpseph Rader
2472,Other Half Brewing
2473,Deca Live Operations
2474,Neil King
2475,Blaqmoji LLC
2476,Churchill Downs
2477,Pattern Home
2478,GameCoaster
2479,FreshPlanet
2480,GeekBang
2481,TVG
2482,Metro Trains
2483,InfoMedia
2484,Zack Fletcher
2485,HandyGames
2486,The Frosty Pop
2487,MondayOFF
2488,MotionVolt
2489,W. Tuten
2490,Queenie Law
2491,Justyna Zablocka
2492,bopdrop
2493,Amrita Studio
2494,Edupoint Educational Systems
